§Compagnie§link§Note globale§Espace pour les jambes§Confort des sièges§Divertissement à bord (Wi-Fi, film, télévision)§Expérience à bord§Service client§Rapport qualité/prix§Propreté§Enregistrement et embarquement§Restauration et boissons§Prix§Avis
0§Emirates§https://www.tripadvisor.fr/Airline_Review-d8729069-Reviews-Emirates#REVIEWS§4,0§40§40§45§40§40§40§45§45§40§"[""Lauréat Travellers' Choice 2019"", ""Lauréat Travellers' Choice 2018"", ""Lauréat Travellers' Choice 2017""]"§58 244 avis
1§AEGEAN§https://www.tripadvisor.fr/Airline_Review-d8728985-Reviews-AEGEAN#REVIEWS§4,0§40§40§30§40§45§40§45§45§40§"[""Lauréat Travellers' Choice 2019"", ""Lauréat Travellers' Choice 2018"", ""Lauréat Travellers' Choice 2017""]"§10 946 avis
2§Qatar Airways§https://www.tripadvisor.fr/Airline_Review-d8729134-Reviews-Qatar-Airways#REVIEWS§4,0§40§40§40§40§45§40§45§45§40§"[""Lauréat Travellers' Choice 2019"", ""Lauréat Travellers' Choice 2018"", ""Lauréat Travellers' Choice 2017""]"§28 359 avis
3§Turkish Airlines§https://www.tripadvisor.fr/Airline_Review-d8729174-Reviews-Turkish-Airlines#REVIEWS§4,0§40§40§40§40§40§40§40§40§40§"[""Lauréat Travellers' Choice 2019"", ""Lauréat Travellers' Choice 2018"", ""Lauréat Travellers' Choice 2017""]"§28 424 avis
4§Singapore Airlines§https://www.tripadvisor.fr/Airline_Review-d8729151-Reviews-Singapore-Airlines#REVIEWS§4,5§40§40§45§40§45§40§45§45§40§"[""Lauréat Travellers' Choice 2019"", ""Lauréat Travellers' Choice 2018"", ""Lauréat Travellers' Choice 2017""]"§23 789 avis
5§Lufthansa§https://www.tripadvisor.fr/Airline_Review-d8729113-Reviews-Lufthansa#REVIEWS§4,0§35§35§35§35§40§35§40§40§35§"[""Lauréat Travellers' Choice 2018"", ""Lauréat Travellers' Choice 2017""]"§33 992 avis
6§Thai Airways§https://www.tripadvisor.fr/Airline_Review-d8729166-Reviews-Thai-Airways#REVIEWS§4,0§40§40§35§40§40§40§40§40§40§"[""Lauréat Travellers' Choice 2019"", ""Lauréat Travellers' Choice 2018"", ""Lauréat Travellers' Choice 2017""]"§14 805 avis
7§Norwegian§https://www.tripadvisor.fr/Airline_Review-d8729125-Reviews-Norwegian#REVIEWS§3,5§35§35§30§35§35§40§40§35§30§"[""Lauréat Travellers' Choice 2017""]"§27 005 avis
8§TAP Air Portugal§https://www.tripadvisor.fr/Airline_Review-d8729164-Reviews-TAP-Air-Portugal#REVIEWS§3,5§35§35§25§30§35§35§40§35§35§§18 618 avis
9§Aeroflot§https://www.tripadvisor.fr/Airline_Review-d8728987-Reviews-Aeroflot#REVIEWS§4,0§35§40§30§35§40§35§40§40§35§"[""Lauréat Travellers' Choice 2018"", ""Lauréat Travellers' Choice 2017""]"§14 653 avis
10§Aer Lingus§https://www.tripadvisor.fr/Airline_Review-d8728986-Reviews-Aer-Lingus#REVIEWS§3,5§35§35§30§35§40§35§40§40§35§"[""Lauréat Travellers' Choice 2018"", ""Lauréat Travellers' Choice 2017""]"§11 427 avis
11§Delta Air Lines§https://www.tripadvisor.fr/Airline_Review-d8729060-Reviews-Delta-Air-Lines#REVIEWS§4,0§35§35§40§40§40§35§40§40§35§"[""Lauréat Travellers' Choice 2019"", ""Lauréat Travellers' Choice 2018"", ""Lauréat Travellers' Choice 2017""]"§56 059 avis
12§Cathay Pacific§https://www.tripadvisor.fr/Airline_Review-d8729046-Reviews-Cathay-Pacific#REVIEWS§4,0§40§40§40§40§40§40§40§40§40§"[""Lauréat Travellers' Choice 2018"", ""Lauréat Travellers' Choice 2017""]"§15 753 avis
13§EVA Air§https://www.tripadvisor.fr/Airline_Review-d8729076-Reviews-EVA-Air#REVIEWS§4,5§40§40§40§40§45§40§45§45§40§"[""Lauréat Travellers' Choice 2019"", ""Lauréat Travellers' Choice 2018"", ""Lauréat Travellers' Choice 2017""]"§6 456 avis
14§Oman Air§https://www.tripadvisor.fr/Airline_Review-d8729127-Reviews-Oman-Air#REVIEWS§3,5§35§35§35§35§35§40§40§40§35§"[""Lauréat Travellers' Choice 2018""]"§4 226 avis
15§American Airlines§https://www.tripadvisor.fr/Airline_Review-d8729020-Reviews-American-Airlines#REVIEWS§3,0§35§35§30§30§35§30§35§35§30§"[""Lauréat Travellers' Choice 2019""]"§67 382 avis
16§Austrian Airlines§https://www.tripadvisor.fr/Airline_Review-d8729027-Reviews-Austrian-Airlines#REVIEWS§3,5§35§35§30§35§40§35§40§40§35§"[""Lauréat Travellers' Choice 2018"", ""Lauréat Travellers' Choice 2017""]"§7 722 avis
17§Vietnam Airlines§https://www.tripadvisor.fr/Airline_Review-d8729180-Reviews-Vietnam-Airlines#REVIEWS§4,0§40§35§30§35§40§40§40§40§35§"[""Lauréat Travellers' Choice 2018""]"§7 261 avis
18§Vueling Airlines§https://www.tripadvisor.fr/Airline_Review-d8729185-Reviews-Vueling-Airlines#REVIEWS§2,5§25§30§15§25§30§30§35§30§25§§24 833 avis
19§Volotea§https://www.tripadvisor.fr/Airline_Review-d10533097-Reviews-Volotea#REVIEWS§3,5§35§35§20§30§35§35§40§35§30§"[""Lauréat Travellers' Choice 2017""]"§11 904 avis
20§Etihad Airways§https://www.tripadvisor.fr/Airline_Review-d8729074-Reviews-Etihad-Airways#REVIEWS§3,5§35§35§40§35§35§35§40§40§35§"[""Lauréat Travellers' Choice 2018"", ""Lauréat Travellers' Choice 2017""]"§15 480 avis
21§ANA (All Nippon Airways)§https://www.tripadvisor.fr/Airline_Review-d8729021-Reviews-ANA-All-Nippon-Airways#REVIEWS§4,5§40§40§40§40§45§40§45§45§40§"[""Lauréat Travellers' Choice 2019"", ""Lauréat Travellers' Choice 2018"", ""Lauréat Travellers' Choice 2017""]"§9 764 avis
22§Royal Air Maroc§https://www.tripadvisor.fr/Airline_Review-d8729136-Reviews-Royal-Air-Maroc#REVIEWS§3,0§35§30§25§25§30§30§30§30§30§§4 346 avis
23§KLM Royal Dutch Airlines§https://www.tripadvisor.fr/Airline_Review-d8729104-Reviews-KLM-Royal-Dutch-Airlines#REVIEWS§4,0§40§35§35§40§40§40§40§40§40§"[""Lauréat Travellers' Choice 2019"", ""Lauréat Travellers' Choice 2018"", ""Lauréat Travellers' Choice 2017""]"§29 340 avis
24§Korean Air§https://www.tripadvisor.fr/Airline_Review-d8729105-Reviews-Korean-Air#REVIEWS§4,5§40§40§40§40§45§40§45§45§40§"[""Lauréat Travellers' Choice 2019"", ""Lauréat Travellers' Choice 2018"", ""Lauréat Travellers' Choice 2017""]"§4 976 avis
25§Spirit Airlines§https://www.tripadvisor.fr/Airline_Review-d8729157-Reviews-Spirit-Airlines#REVIEWS§3,0§25§25§15§25§30§30§35§35§20§§17 604 avis
26§Ryanair§https://www.tripadvisor.fr/Airline_Review-d8729141-Reviews-Ryanair#REVIEWS§3,0§30§30§15§25§30§35§35§35§25§§74 481 avis
27§Transavia§https://www.tripadvisor.fr/Airline_Review-d8729171-Reviews-Transavia#REVIEWS§3,5§30§35§20§35§35§35§40§35§30§§68 860 avis
28§Air New Zealand§https://www.tripadvisor.fr/Airline_Review-d8729010-Reviews-Air-New-Zealand#REVIEWS§4,5§40§40§40§40§45§40§45§45§40§"[""Lauréat Travellers' Choice 2019"", ""Lauréat Travellers' Choice 2018"", ""Lauréat Travellers' Choice 2017""]"§12 876 avis
29§LOT Polish Airlines§https://www.tripadvisor.fr/Airline_Review-d8729112-Reviews-LOT-Polish-Airlines#REVIEWS§3,0§35§35§25§30§35§35§40§35§30§§4 799 avis
30§Tunisair§https://www.tripadvisor.fr/Airline_Review-d8729173-Reviews-Tunisair#REVIEWS§2,5§30§30§20§20§30§30§25§30§30§§2 357 avis
31§United Airlines§https://www.tripadvisor.fr/Airline_Review-d8729177-Reviews-United-Airlines#REVIEWS§3,0§35§30§30§30§35§30§35§35§30§§48 265 avis
32§British Airways§https://www.tripadvisor.fr/Airline_Review-d8729039-Reviews-British-Airways#REVIEWS§3,5§35§35§30§30§35§35§40§40§30§§52 152 avis
33§Ukraine International Airlines§https://www.tripadvisor.fr/Airline_Review-d8729176-Reviews-Ukraine-International-Airlines#REVIEWS§2,5§30§30§15§25§30§30§35§30§25§§3 626 avis
34§easyJet§https://www.tripadvisor.fr/Airline_Review-d8729066-Reviews-EasyJet#REVIEWS§3,5§30§35§20§30§35§40§40§35§30§§52 531 avis
35§Iberia§https://www.tripadvisor.fr/Airline_Review-d8729089-Reviews-Iberia#REVIEWS§3,0§30§30§30§30§30§30§35§35§30§§18 810 avis
36§Ethiopian Airlines§https://www.tripadvisor.fr/Airline_Review-d8729073-Reviews-Ethiopian-Airlines#REVIEWS§3,5§35§35§35§30§35§35§35§35§35§"[""Lauréat Travellers' Choice 2018""]"§5 156 avis
37§Air Caraibes§https://www.tripadvisor.fr/Airline_Review-d8728999-Reviews-Air-Caraibes#REVIEWS§3,5§30§30§35§35§35§35§40§35§35§§2 289 avis
38§Air France§https://www.tripadvisor.fr/Airline_Review-d8729003-Reviews-Air-France#REVIEWS§3,5§35§35§35§35§35§35§40§35§35§§30 477 avis
39§LATAM Airlines§https://www.tripadvisor.fr/Airline_Review-d10290698-Reviews-LATAM-Airlines#REVIEWS§3,5§30§30§35§35§35§35§40§40§30§"[""Lauréat Travellers' Choice 2018""]"§38 142 avis
40§Saudia Airlines§https://www.tripadvisor.fr/Airline_Review-d8729144-Reviews-Saudia-Airlines#REVIEWS§3,5§40§35§30§35§35§35§35§35§35§"[""Lauréat Travellers' Choice 2018""]"§2 875 avis
41§Swiss International Air Lines§https://www.tripadvisor.fr/Airline_Review-d8729160-Reviews-Swiss-International-Air-Lines#REVIEWS§4,0§35§35§35§35§40§35§45§40§40§"[""Lauréat Travellers' Choice 2019"", ""Lauréat Travellers' Choice 2018"", ""Lauréat Travellers' Choice 2017""]"§13 168 avis
42§Virgin Atlantic Airways§https://www.tripadvisor.fr/Airline_Review-d8729182-Reviews-Virgin-Atlantic-Airways#REVIEWS§4,0§40§40§40§40§45§40§45§45§40§"[""Lauréat Travellers' Choice 2019"", ""Lauréat Travellers' Choice 2018"", ""Lauréat Travellers' Choice 2017""]"§14 430 avis
43§Air Canada§https://www.tripadvisor.fr/Airline_Review-d8728998-Reviews-Air-Canada#REVIEWS§3,5§35§35§35§30§35§30§35§35§30§"[""Lauréat Travellers' Choice 2019"", ""Lauréat Travellers' Choice 2018""]"§25 021 avis
44§Luxair§https://www.tripadvisor.fr/Airline_Review-d8729114-Reviews-Luxair#REVIEWS§4,0§35§40§30§40§45§40§45§45§40§"[""Lauréat Travellers' Choice 2019"", ""Lauréat Travellers' Choice 2018""]"§1 526 avis
45§La Compagnie§https://www.tripadvisor.fr/Airline_Review-d10533118-Reviews-La-Compagnie#REVIEWS§4,0§45§45§40§40§40§45§45§45§40§"[""Lauréat Travellers' Choice 2019""]"§456 avis
46§Pegasus Airlines§https://www.tripadvisor.fr/Airline_Review-d8728979-Reviews-Pegasus-Airlines#REVIEWS§3,0§30§30§15§25§30§35§35§35§25§§5 373 avis
47§Alitalia§https://www.tripadvisor.fr/Airline_Review-d8729018-Reviews-Alitalia#REVIEWS§3,0§30§30§25§30§35§30§35§35§30§§19 037 avis
48§Brussels Airlines§https://www.tripadvisor.fr/Airline_Review-d8729040-Reviews-Brussels-Airlines#REVIEWS§3,5§35§35§25§30§35§35§40§35§30§§7 221 avis
49§LEVEL§https://www.tripadvisor.fr/Airline_Review-d12665310-Reviews-LEVEL#REVIEWS§3,0§30§30§30§35§30§35§35§30§25§§2 121 avis
50§China Southern Airlines§https://www.tripadvisor.fr/Airline_Review-d8729051-Reviews-China-Southern-Airlines#REVIEWS§3,5§35§35§30§35§35§40§40§35§35§§4 741 avis
51§Aeromexico§https://www.tripadvisor.fr/Airline_Review-d8728989-Reviews-Aeromexico#REVIEWS§3,5§35§35§35§35§35§35§40§35§35§§9 710 avis
52§Air Arabia§https://www.tripadvisor.fr/Airline_Review-d8728994-Reviews-Air-Arabia#REVIEWS§3,0§35§35§20§25§30§35§35§35§25§§1 780 avis
53§WestJet§https://www.tripadvisor.fr/Airline_Review-d8729186-Reviews-WestJet#REVIEWS§4,0§35§35§30§35§40§40§40§40§35§"[""Lauréat Travellers' Choice 2019"", ""Lauréat Travellers' Choice 2018"", ""Lauréat Travellers' Choice 2017""]"§14 502 avis
54§Avianca§https://www.tripadvisor.fr/Airline_Review-d8729028-Reviews-Avianca#REVIEWS§4,0§40§40§40§35§40§40§40§40§35§"[""Lauréat Travellers' Choice 2019"", ""Lauréat Travellers' Choice 2018"", ""Lauréat Travellers' Choice 2017""]"§18 057 avis
55§AirAsia - Thai AirAsia§https://www.tripadvisor.fr/Airline_Review-d8728898-Reviews-AirAsia-Thai-AirAsia#REVIEWS§3,5§30§30§20§30§35§40§40§35§30§§5 597 avis
56§Edelweiss Air§https://www.tripadvisor.fr/Airline_Review-d8728969-Reviews-Edelweiss-Air#REVIEWS§4,0§35§35§35§40§45§40§45§40§40§"[""Lauréat Travellers' Choice 2019"", ""Lauréat Travellers' Choice 2018""]"§2 996 avis
57§French bee§https://www.tripadvisor.fr/Airline_Review-d11831116-Reviews-French-Bee#REVIEWS§3,0§30§30§35§30§30§35§40§35§30§§1 193 avis
58§Air Austral§https://www.tripadvisor.fr/Airline_Review-d8728995-Reviews-Air-Austral#REVIEWS§3,5§35§35§35§35§40§35§40§40§35§"[""Lauréat Travellers' Choice 2018""]"§1 353 avis
59§Corsair§https://www.tripadvisor.fr/Airline_Review-d8729056-Reviews-Corsair#REVIEWS§3,0§30§30§30§30§35§35§40§35§35§§1 740 avis
60§Bangkok Airways§https://www.tripadvisor.fr/Airline_Review-d8729031-Reviews-Bangkok-Airways#REVIEWS§4,0§40§40§25§40§40§40§45§45§40§"[""Lauréat Travellers' Choice 2019"", ""Lauréat Travellers' Choice 2018"", ""Lauréat Travellers' Choice 2017""]"§4 302 avis
61§Interjet§https://www.tripadvisor.fr/Airline_Review-d8729091-Reviews-Interjet#REVIEWS§3,5§40§40§25§35§35§35§40§35§35§"[""Lauréat Travellers' Choice 2017""]"§6 218 avis
62§JetBlue§https://www.tripadvisor.fr/Airline_Review-d8729099-Reviews-JetBlue#REVIEWS§4,0§40§40§40§40§40§40§45§40§40§"[""Lauréat Travellers' Choice 2019"", ""Lauréat Travellers' Choice 2018"", ""Lauréat Travellers' Choice 2017""]"§16 632 avis
63§SmartWings§https://www.tripadvisor.fr/Airline_Review-d8729153-Reviews-SmartWings#REVIEWS§3,0§25§30§20§25§35§30§35§35§25§§2 800 avis
64§Copa Airlines§https://www.tripadvisor.fr/Airline_Review-d8729055-Reviews-Copa-Airlines#REVIEWS§4,0§35§35§35§35§40§35§40§40§35§"[""Lauréat Travellers' Choice 2019"", ""Lauréat Travellers' Choice 2018""]"§11 645 avis
65§Japan Airlines (JAL)§https://www.tripadvisor.fr/Airline_Review-d8729095-Reviews-Japan-Airlines-JAL#REVIEWS§4,5§40§40§40§40§45§40§45§45§40§"[""Lauréat Travellers' Choice 2019"", ""Lauréat Travellers' Choice 2018"", ""Lauréat Travellers' Choice 2017""]"§8 607 avis
66§Malaysia Airlines§https://www.tripadvisor.fr/Airline_Review-d8729116-Reviews-Malaysia-Airlines#REVIEWS§3,5§35§35§35§35§35§35§35§35§35§§7 241 avis
67§SunExpress§https://www.tripadvisor.fr/Airline_Review-d8729217-Reviews-SunExpress#REVIEWS§3,0§30§30§15§25§30§35§35§35§25§§2 109 avis
68§TUIfly (Germany)§https://www.tripadvisor.fr/Airline_Review-d8729172-Reviews-TUIfly-Germany#REVIEWS§3,0§30§30§20§20§30§30§35§35§25§§2 991 avis
69§Condor§https://www.tripadvisor.fr/Airline_Review-d8729054-Reviews-Condor#REVIEWS§3,0§30§30§25§25§35§30§35§35§30§§7 344 avis
70§Air Europa§https://www.tripadvisor.fr/Airline_Review-d8729002-Reviews-Air-Europa#REVIEWS§3,0§30§30§25§25§30§30§35§35§25§§9 476 avis
71§Hawaiian Airlines§https://www.tripadvisor.fr/Airline_Review-d8729086-Reviews-Hawaiian-Airlines#REVIEWS§4,0§40§35§35§35§40§40§40§40§35§"[""Lauréat Travellers' Choice 2019"", ""Lauréat Travellers' Choice 2018""]"§7 242 avis
72§Czech Airlines§https://www.tripadvisor.fr/Airline_Review-d8728916-Reviews-Czech-Airlines#REVIEWS§3,0§30§30§20§25§30§30§35§30§25§§2 326 avis
73§Air Tahiti Nui§https://www.tripadvisor.fr/Airline_Review-d8729013-Reviews-Air-Tahiti-Nui#REVIEWS§3,5§35§30§35§35§40§35§40§40§35§§1 523 avis
74§Kuwait Airways§https://www.tripadvisor.fr/Airline_Review-d8729107-Reviews-Kuwait-Airways#REVIEWS§3,0§35§35§30§30§30§35§35§30§30§§1 248 avis
75§Air Transat§https://www.tripadvisor.fr/Airline_Review-d8729014-Reviews-Air-Transat#REVIEWS§3,5§30§30§30§30§35§35§40§40§30§§10 388 avis
76§Wizz Air§https://www.tripadvisor.fr/Airline_Review-d8729187-Reviews-Wizz-Air#REVIEWS§3,0§30§30§15§25§30§35§35§30§25§§15 054 avis
77§Aerolineas Argentinas§https://www.tripadvisor.fr/Airline_Review-d8728988-Reviews-Aerolineas-Argentinas#REVIEWS§4,0§30§35§30§35§40§35§40§40§30§"[""Lauréat Travellers' Choice 2019"", ""Lauréat Travellers' Choice 2018""]"§14 533 avis
78§Viva Air (Colombia)§https://www.tripadvisor.fr/Airline_Review-d10661148-Reviews-Viva-Air-Colombia#REVIEWS§2,0§25§25§15§20§25§25§35§25§20§§1 554 avis
79§Garuda Indonesia§https://www.tripadvisor.fr/Airline_Review-d8729079-Reviews-Garuda-Indonesia#REVIEWS§4,0§40§40§40§40§40§40§45§40§40§"[""Lauréat Travellers' Choice 2019"", ""Lauréat Travellers' Choice 2018"", ""Lauréat Travellers' Choice 2017""]"§7 744 avis
80§Gulf Air§https://www.tripadvisor.fr/Airline_Review-d8728943-Reviews-Gulf-Air#REVIEWS§3,5§35§35§30§35§35§35§35§35§35§§1 343 avis
81§El Al Israel Airlines§https://www.tripadvisor.fr/Airline_Review-d8729068-Reviews-El-Al-Israel-Airlines#REVIEWS§3,5§35§35§30§35§35§35§40§40§35§"[""Lauréat Travellers' Choice 2018""]"§4 236 avis
82§Finnair§https://www.tripadvisor.fr/Airline_Review-d8729078-Reviews-Finnair#REVIEWS§4,0§35§35§30§35§40§35§40§40§35§"[""Lauréat Travellers' Choice 2018"", ""Lauréat Travellers' Choice 2017""]"§7 114 avis
83§SAS§https://www.tripadvisor.fr/Airline_Review-d8729142-Reviews-SAS#REVIEWS§3,5§35§35§25§35§40§35§40§40§30§"[""Lauréat Travellers' Choice 2018""]"§9 355 avis
84§Flybe§https://www.tripadvisor.fr/Airline_Review-d8728910-Reviews-Flybe#REVIEWS§3,5§35§35§15§30§35§35§40§35§30§"[""Lauréat Travellers' Choice 2017""]"§8 019 avis
85§Air Mauritius§https://www.tripadvisor.fr/Airline_Review-d8729008-Reviews-Air-Mauritius#REVIEWS§3,5§35§35§30§30§35§35§40§40§35§§2 209 avis
86§Alaska Airlines§https://www.tripadvisor.fr/Airline_Review-d8729017-Reviews-Alaska-Airlines#REVIEWS§4,0§40§40§35§40§45§40§45§45§35§"[""Lauréat Travellers' Choice 2019"", ""Lauréat Travellers' Choice 2018"", ""Lauréat Travellers' Choice 2017""]"§15 243 avis
87§Royal Jordanian§https://www.tripadvisor.fr/Airline_Review-d8729138-Reviews-Royal-Jordanian#REVIEWS§3,5§35§35§30§30§35§35§35§35§35§§1 923 avis
88§Enter Air§https://www.tripadvisor.fr/Airline_Review-d8729070-Reviews-Enter-Air#REVIEWS§3,5§35§35§20§30§35§35§40§40§30§§2 423 avis
89§Azul§https://www.tripadvisor.fr/Airline_Review-d8728972-Reviews-Azul#REVIEWS§4,5§40§40§40§40§45§40§45§45§40§"[""Lauréat Travellers' Choice 2019"", ""Lauréat Travellers' Choice 2018"", ""Lauréat Travellers' Choice 2017""]"§15 187 avis
90§Nouvel Air Tunise§https://www.tripadvisor.fr/Airline_Review-d8729126-Reviews-Nouvel-Air-Tunise#REVIEWS§2,5§25§25§15§25§30§30§30§30§25§§860 avis
91§Air Serbia§https://www.tripadvisor.fr/Airline_Review-d8729096-Reviews-Air-Serbia#REVIEWS§3,0§35§35§25§30§35§35§40§35§30§§1 634 avis
92§TUI fly Belgium (formerly Jetairfly)§https://www.tripadvisor.fr/Airline_Review-d8869165-Reviews-TUI-Fly-Belgium-Formerly-Jetairfly#REVIEWS§3,5§35§35§25§30§35§35§40§40§30§"[""Lauréat Travellers' Choice 2017""]"§4 564 avis
93§TACV Cabo Verde Airlines§https://www.tripadvisor.fr/Airline_Review-d8729162-Reviews-TACV-Cabo-Verde-Airlines#REVIEWS§3,0§30§30§20§25§30§30§35§30§30§§450 avis
94§THAI Smile§https://www.tripadvisor.fr/Airline_Review-d8729212-Reviews-THAI-Smile-Airways#REVIEWS§4,5§40§40§30§40§45§45§45§40§40§"[""Lauréat Travellers' Choice 2019"", ""Lauréat Travellers' Choice 2018"", ""Lauréat Travellers' Choice 2017""]"§4 874 avis
95§Wamos Air§https://www.tripadvisor.fr/Airline_Review-d10816891-Reviews-Wamos-Air#REVIEWS§2,5§25§25§20§25§30§30§30§30§25§§2 181 avis
96§SATA - Azores Airlines§https://www.tripadvisor.fr/Airline_Review-d8729143-Reviews-SATA-Azores-Airlines#REVIEWS§3,0§30§30§20§30§35§30§35§35§30§§1 542 avis
97§Sunwing Airlines§https://www.tripadvisor.fr/Airline_Review-d8729159-Reviews-Sunwing-Airlines#REVIEWS§3,0§25§30§25§25§30§30§35§35§25§§7 116 avis
98§Air Algerie§https://www.tripadvisor.fr/Airline_Review-d8728993-Reviews-Air-Algerie#REVIEWS§2,5§30§30§15§20§25§25§25§25§25§§436 avis
99§Qantas§https://www.tripadvisor.fr/Airline_Review-d8729133-Reviews-Qantas#REVIEWS§4,0§35§35§35§35§40§35§40§40§35§"[""Lauréat Travellers' Choice 2019"", ""Lauréat Travellers' Choice 2018"", ""Lauréat Travellers' Choice 2017""]"§18 761 avis
100§IndiGo§https://www.tripadvisor.fr/Airline_Review-d8729090-Reviews-IndiGo#REVIEWS§4,0§35§35§20§35§35§40§40§40§30§"[""Lauréat Travellers' Choice 2019"", ""Lauréat Travellers' Choice 2018"", ""Lauréat Travellers' Choice 2017""]"§7 374 avis
101§Turkmenistan Airlines§https://www.tripadvisor.fr/Airline_Review-d8729175-Reviews-Turkmenistan-Airlines#REVIEWS§3,5§35§35§15§30§30§35§40§35§35§§201 avis
102§Air Corsica§https://www.tripadvisor.fr/Airline_Review-d10816886-Reviews-Air-Corsica#REVIEWS§4,0§35§35§25§35§40§35§40§40§35§"[""Lauréat Travellers' Choice 2019""]"§549 avis
103§South African Airways§https://www.tripadvisor.fr/Airline_Review-d8729155-Reviews-South-African-Airways#REVIEWS§3,5§35§35§30§30§35§35§40§35§35§§4 654 avis
104§Jetstar Airways - Australia & New Zealand§https://www.tripadvisor.fr/Airline_Review-d8729146-Reviews-Jetstar-Airways-Australia-New-Zealand#REVIEWS§3,0§30§30§20§30§35§35§35§35§25§§11 791 avis
105§Thai Lion Air§https://www.tripadvisor.fr/Airline_Review-d10816884-Reviews-Thai-Lion-Air#REVIEWS§2,5§25§30§20§25§30§35§35§35§25§§1 412 avis
106§Blue Air§https://www.tripadvisor.fr/Airline_Review-d8729035-Reviews-Blue-Air#REVIEWS§3,5§30§30§20§30§35§35§35§35§35§"[""Lauréat Travellers' Choice 2018""]"§3 047 avis
107§TAROM§https://www.tripadvisor.fr/Airline_Review-d8729165-Reviews-TAROM#REVIEWS§3,5§35§35§25§30§35§35§40§35§35§§1 150 avis
108§Air Seychelles§https://www.tripadvisor.fr/Airline_Review-d8729012-Reviews-Air-Seychelles#REVIEWS§3,0§35§30§30§30§30§35§35§35§30§§648 avis
109§Air Tahiti§https://www.tripadvisor.fr/Airline_Review-d10533095-Reviews-Air-Tahiti#REVIEWS§4,0§35§35§20§40§40§35§40§40§30§"[""Lauréat Travellers' Choice 2019""]"§307 avis
110§Air Mediterranean§https://www.tripadvisor.fr/Airline_Review-d13150558-Reviews-Air-Mediterranean#REVIEWS§2,5§25§25§15§25§25§25§25§30§20§§211 avis
111§EGYPTAIR§https://www.tripadvisor.fr/Airline_Review-d8729067-Reviews-EGYPTAIR#REVIEWS§3,5§35§35§30§30§35§35§35§35§35§§3 596 avis
112§FlyEgypt§https://www.tripadvisor.fr/Airline_Review-d13635960-Reviews-FlyEgypt#REVIEWS§2,5§30§25§15§20§25§30§30§35§20§§388 avis
113§Lion Air§https://www.tripadvisor.fr/Airline_Review-d8729111-Reviews-Lion-Air#REVIEWS§§§§§§§§§§§§2 023 avis
114§Binter§https://www.tripadvisor.fr/Airline_Review-d8729034-Reviews-Binter#REVIEWS§4,0§35§40§30§40§45§40§45§40§40§"[""Lauréat Travellers' Choice 2019"", ""Lauréat Travellers' Choice 2018""]"§848 avis
115§Sky Airline§https://www.tripadvisor.fr/Airline_Review-d10533088-Reviews-Sky-Airline#REVIEWS§3,0§25§30§15§30§30§35§35§35§25§§1 799 avis
116§Air India§https://www.tripadvisor.fr/Airline_Review-d8729004-Reviews-Air-India#REVIEWS§3,0§35§35§25§30§30§35§35§35§35§§7 322 avis
117§Viva Air (Peru)§https://www.tripadvisor.fr/Airline_Review-d14190671-Reviews-Viva-Air-Peru#REVIEWS§1,5§20§20§15§15§15§20§25§20§15§§720 avis
118§Onur Air§https://www.tripadvisor.fr/Airline_Review-d12878331-Reviews-Onur-Air#REVIEWS§2,0§20§20§15§15§25§25§30§30§20§§1 335 avis
119§flydubai§https://www.tripadvisor.fr/Airline_Review-d8729199-Reviews-Flydubai#REVIEWS§3,0§30§30§20§25§30§30§35§35§25§§3 005 avis
120§Eurowings§https://www.tripadvisor.fr/Airline_Review-d8729075-Reviews-Eurowings#REVIEWS§3,0§30§30§20§25§30§30§35§35§25§§9 098 avis
121§Jetstar Asia Airways - Singapore§https://www.tripadvisor.fr/Airline_Review-d8729042-Reviews-Jetstar-Asia-Airways-Singapore#REVIEWS§3,0§30§30§20§25§30§35§35§35§25§§1 791 avis
122§Aircalin§https://www.tripadvisor.fr/Airline_Review-d8728975-Reviews-Aircalin#REVIEWS§3,5§35§35§30§35§40§35§40§40§35§§310 avis
123§Middle East Airlines§https://www.tripadvisor.fr/Airline_Review-d8729119-Reviews-Middle-East-Airlines#REVIEWS§4,0§35§35§35§35§40§35§40§40§40§"[""Lauréat Travellers' Choice 2019"", ""Lauréat Travellers' Choice 2018""]"§739 avis
124§HOP!§https://www.tripadvisor.fr/Airline_Review-d8728906-Reviews-HOP#REVIEWS§3,5§35§35§20§30§40§35§40§40§35§"[""Lauréat Travellers' Choice 2017""]"§1 480 avis
125§China Eastern Airlines§https://www.tripadvisor.fr/Airline_Review-d8729050-Reviews-China-Eastern-Airlines#REVIEWS§3,0§35§30§25§30§30§35§35§30§30§§4 860 avis
126§Tailwind Airlines§https://www.tripadvisor.fr/Airline_Review-d14190670-Reviews-Tailwind-Airlines#REVIEWS§3,0§25§25§15§20§35§30§35§35§30§§152 avis
127§Air Malta§https://www.tripadvisor.fr/Airline_Review-d8729007-Reviews-Air-Malta#REVIEWS§3,5§35§35§20§30§35§35§40§40§30§"[""Lauréat Travellers' Choice 2018"", ""Lauréat Travellers' Choice 2017""]"§2 578 avis
128§Air China§https://www.tripadvisor.fr/Airline_Review-d8729000-Reviews-Air-China#REVIEWS§3,0§30§30§25§30§30§35§35§35§30§§5 682 avis
129§Blue Panorama Airlines§https://www.tripadvisor.fr/Airline_Review-d8729037-Reviews-Blue-Panorama-Airlines#REVIEWS§2,5§25§25§20§25§25§25§30§25§25§§3 687 avis
130§Bahamasair§https://www.tripadvisor.fr/Airline_Review-d8729030-Reviews-Bahamasair#REVIEWS§2,5§30§30§15§20§25§30§35§30§20§§471 avis
131§Uzbekistan Airways§https://www.tripadvisor.fr/Airline_Review-d8729179-Reviews-Uzbekistan-Airways#REVIEWS§3,5§35§35§25§35§35§35§40§35§35§§685 avis
132§SriLankan Airlines§https://www.tripadvisor.fr/Airline_Review-d8729216-Reviews-SriLankan-Airlines#REVIEWS§3,5§35§35§35§35§40§35§40§35§35§§3 138 avis
133§Montenegro Airlines§https://www.tripadvisor.fr/Airline_Review-d8729120-Reviews-Montenegro-Airlines#REVIEWS§3,0§35§35§15§25§30§35§35§35§25§§329 avis
134§Hainan Airlines§https://www.tripadvisor.fr/Airline_Review-d8729085-Reviews-Hainan-Airlines#REVIEWS§3,5§40§35§35§35§40§40§40§40§35§"[""Lauréat Travellers' Choice 2019""]"§1 360 avis
135§Cambodia Angkor Air§https://www.tripadvisor.fr/Airline_Review-d10533106-Reviews-Cambodia-Angkor-Air#REVIEWS§2,5§30§30§15§25§30§30§35§30§25§§836 avis
136§Air Antilles§https://www.tripadvisor.fr/Airline_Review-d11831112-Reviews-Air-Antilles#REVIEWS§2,0§30§25§15§20§25§25§30§25§25§§177 avis
137§Rossiya Russian Airlines§https://www.tripadvisor.fr/Airline_Review-d8728941-Reviews-Rossiya-Russian-Airlines#REVIEWS§3,5§35§35§20§30§40§35§40§40§35§"[""Lauréat Travellers' Choice 2019""]"§2 485 avis
138§Precision Air§https://www.tripadvisor.fr/Airline_Review-d8729131-Reviews-Precision-Air#REVIEWS§3,0§30§30§15§30§30§30§35§30§30§§476 avis
139§Iberia Express§https://www.tripadvisor.fr/Airline_Review-d10823588-Reviews-Iberia-Express#REVIEWS§3,5§25§30§25§30§35§35§35§35§25§§3 047 avis
140§tigerair australia§https://www.tripadvisor.fr/Airline_Review-d8729043-Reviews-Tigerair-Australia#REVIEWS§3,0§30§30§15§25§30§35§35§35§25§§2 759 avis
141§VietJetAir§https://www.tripadvisor.fr/Airline_Review-d8728891-Reviews-VietJetAir#REVIEWS§2,5§30§30§15§25§30§30§35§30§25§§3 705 avis
142§Icelandair§https://www.tripadvisor.fr/Airline_Review-d8728914-Reviews-Icelandair#REVIEWS§3,5§35§35§35§35§35§35§40§35§30§"[""Lauréat Travellers' Choice 2017""]"§7 479 avis
143§Cubana de Aviacion§https://www.tripadvisor.fr/Airline_Review-d8729058-Reviews-Cubana-De-Aviacion#REVIEWS§2,5§30§30§15§25§25§30§30§30§25§§898 avis
144§Air Namibia§https://www.tripadvisor.fr/Airline_Review-d8729009-Reviews-Air-Namibia#REVIEWS§3,0§35§35§25§30§35§35§35§35§35§§708 avis
145§Scoot§https://www.tripadvisor.fr/Airline_Review-d8728980-Reviews-Scoot#REVIEWS§3,0§35§30§20§25§30§35§35§35§25§§4 629 avis
146§Air Canada Rouge§https://www.tripadvisor.fr/Airline_Review-d8808634-Reviews-Air-Canada-Rouge#REVIEWS§3,0§25§25§20§25§30§30§35§35§25§§7 382 avis
147§Nok Air§https://www.tripadvisor.fr/Airline_Review-d8729124-Reviews-Nok-Air#REVIEWS§3,5§35§35§20§30§35§40§40§40§30§§1 294 avis
148§Cebu Pacific Air§https://www.tripadvisor.fr/Airline_Review-d8729048-Reviews-Cebu-Pacific-Air#REVIEWS§3,0§30§30§20§25§30§35§35§30§25§§3 411 avis
149§Porter Airlines§https://www.tripadvisor.fr/Airline_Review-d8728944-Reviews-Porter-Airlines#REVIEWS§3,5§35§35§20§35§40§40§40§40§40§"[""Lauréat Travellers' Choice 2018""]"§1 774 avis
150§Air Dolomiti§https://www.tripadvisor.fr/Airline_Review-d8729001-Reviews-Air-Dolomiti#REVIEWS§4,0§35§35§25§40§40§40§40§40§40§"[""Lauréat Travellers' Choice 2019"", ""Lauréat Travellers' Choice 2018""]"§913 avis
151§Asiana Airlines§https://www.tripadvisor.fr/Airline_Review-d8729024-Reviews-Asiana-Airlines#REVIEWS§4,0§40§40§35§40§40§40§40§40§40§"[""Lauréat Travellers' Choice 2018"", ""Lauréat Travellers' Choice 2017""]"§3 424 avis
152§Corendon Airlines§https://www.tripadvisor.fr/Airline_Review-d11831125-Reviews-Corendon-Airlines#REVIEWS§3,0§30§30§20§25§35§35§35§35§30§§1 871 avis
153§Bulgaria Air§https://www.tripadvisor.fr/Airline_Review-d8729041-Reviews-Bulgaria-Air#REVIEWS§3,0§30§30§20§30§35§35§35§35§30§§878 avis
154§Kenya Airways§https://www.tripadvisor.fr/Airline_Review-d8729102-Reviews-Kenya-Airways#REVIEWS§3,0§35§35§30§30§35§35§40§35§35§§2 600 avis
155§ASL France§https://www.tripadvisor.fr/Airline_Review-d12124799-Reviews-ASL-France#REVIEWS§3,0§30§30§20§30§35§35§35§35§30§§539 avis
156§Air Cairo§https://www.tripadvisor.fr/Airline_Review-d8728938-Reviews-Air-Cairo#REVIEWS§3,0§25§25§15§25§30§30§30§35§30§§1 324 avis
157§Air Nostrum§https://www.tripadvisor.fr/Airline_Review-d11831113-Reviews-Air-Nostrum#REVIEWS§3,5§35§35§20§30§35§35§40§35§25§§439 avis
158§SpiceJet§https://www.tripadvisor.fr/Airline_Review-d8728949-Reviews-SpiceJet#REVIEWS§3,0§30§30§20§30§30§35§35§35§30§§3 436 avis
159§China Airlines§https://www.tripadvisor.fr/Airline_Review-d8729049-Reviews-China-Airlines#REVIEWS§4,0§40§40§35§35§40§40§40§40§35§"[""Lauréat Travellers' Choice 2019"", ""Lauréat Travellers' Choice 2018""]"§3 948 avis
160§Air Astana§https://www.tripadvisor.fr/Airline_Review-d8728936-Reviews-Air-Astana#REVIEWS§4,0§40§40§35§40§45§40§45§40§45§"[""Lauréat Travellers' Choice 2019"", ""Lauréat Travellers' Choice 2018""]"§1 273 avis
161§Philippine Airlines (PAL)§https://www.tripadvisor.fr/Airline_Review-d8729130-Reviews-Philippine-Airlines-PAL#REVIEWS§3,5§35§35§30§30§35§35§40§35§35§§4 484 avis
162§Air Baltic§https://www.tripadvisor.fr/Airline_Review-d8728996-Reviews-Air-Baltic#REVIEWS§3,5§35§35§20§30§35§35§40§35§30§§15 025 avis
163§Virgin Australia§https://www.tripadvisor.fr/Airline_Review-d8728931-Reviews-Virgin-Australia#REVIEWS§4,0§35§35§30§35§40§35§40§40§35§"[""Lauréat Travellers' Choice 2019"", ""Lauréat Travellers' Choice 2018""]"§10 949 avis
164§Croatia Airlines§https://www.tripadvisor.fr/Airline_Review-d8729057-Reviews-Croatia-Airlines#REVIEWS§3,5§35§35§20§35§35§35§40§35§35§§1 024 avis
165§Hong Kong Airlines§https://www.tripadvisor.fr/Airline_Review-d8728935-Reviews-Hong-Kong-Airlines#REVIEWS§3,5§35§35§30§30§35§40§40§35§35§§1 689 avis
166§SilkAir§https://www.tripadvisor.fr/Airline_Review-d8729150-Reviews-SilkAir#REVIEWS§3,5§35§35§25§35§40§35§40§40§35§"[""Lauréat Travellers' Choice 2018""]"§1 911 avis
167§Virgin America (now Alaska Airlines)§https://www.tripadvisor.fr/Airline_Review-d8729181-Reviews-Virgin-America-Now-Alaska-Airlines#REVIEWS§4,0§40§40§40§40§40§40§45§40§35§"[""Lauréat Travellers' Choice 2017""]"§2 204 avis
168§Evelop§https://www.tripadvisor.fr/Airline_Review-d10661145-Reviews-Evelop#REVIEWS§3,0§25§30§30§35§35§35§35§35§30§§1 208 avis
169§Air Madagascar§https://www.tripadvisor.fr/Airline_Review-d8729006-Reviews-Air-Madagascar#REVIEWS§2,5§30§30§20§30§30§25§35§30§30§§369 avis
170§Fiji Airways§https://www.tripadvisor.fr/Airline_Review-d8729077-Reviews-Fiji-Airways#REVIEWS§3,5§35§35§30§35§40§35§40§40§35§§2 197 avis
171§Sky Express Airline§https://www.tripadvisor.fr/Airline_Review-d10533112-Reviews-Sky-Express-Airline#REVIEWS§2,5§30§30§20§25§30§30§35§30§25§§1 160 avis
172§Southwest Airlines§https://www.tripadvisor.fr/Airline_Review-d8729156-Reviews-Southwest-Airlines#REVIEWS§4,5§35§35§35§40§45§45§45§45§35§"[""Lauréat Travellers' Choice 2019"", ""Lauréat Travellers' Choice 2018"", ""Lauréat Travellers' Choice 2017""]"§41 801 avis
173§GOL Airlines§https://www.tripadvisor.fr/Airline_Review-d8729083-Reviews-GOL-Airlines#REVIEWS§3,5§30§35§25§30§40§35§40§40§25§"[""Lauréat Travellers' Choice 2019""]"§16 521 avis
174§Plus Ultra Lineas Aereas§https://www.tripadvisor.fr/Airline_Review-d12280243-Reviews-Plus-Ultra-Lineas-Aereas#REVIEWS§2,5§30§25§15§25§30§30§30§30§30§§478 avis
175§Air Italy§https://www.tripadvisor.fr/Airline_Review-d8728886-Reviews-Air-Italy#REVIEWS§3,0§30§30§20§30§30§30§35§35§30§§3 673 avis
176§Wings Air§https://www.tripadvisor.fr/Airline_Review-d12280231-Reviews-Wings-Air#REVIEWS§2,5§25§30§15§20§25§30§30§30§20§§288 avis
177§Xiamen Airlines§https://www.tripadvisor.fr/Airline_Review-d8729188-Reviews-Xiamen-Airlines#REVIEWS§3,5§35§35§30§35§35§40§40§35§35§§614 avis
178§Astra Airlines§https://www.tripadvisor.fr/Airline_Review-d10816890-Reviews-Astra-Airlines#REVIEWS§3,0§30§30§20§25§35§35§35§35§30§§236 avis
179§AirAsia - AirAsia Berhad (Malaysia)§https://www.tripadvisor.fr/Airline_Review-d8729220-Reviews-AirAsia-AirAsia-Berhad-Malaysia#REVIEWS§3,5§30§30§20§30§35§40§35§35§30§§3 311 avis
180§Laudamotion§https://www.tripadvisor.fr/Airline_Review-d14190667-Reviews-Laudamotion#REVIEWS§2,5§30§30§15§20§25§30§35§30§25§§1 356 avis
181§AlMasria Universal§https://www.tripadvisor.fr/Airline_Review-d15053145-Reviews-AlMasria-Universal#REVIEWS§2,5§20§20§15§25§25§25§25§30§20§§207 avis
182§Volaris§https://www.tripadvisor.fr/Airline_Review-d8729184-Reviews-Volaris#REVIEWS§3,0§25§30§20§25§30§30§35§35§25§§5 426 avis
183§Alba Star§https://www.tripadvisor.fr/Airline_Review-d10823587-Reviews-Alba-Star#REVIEWS§3,0§25§25§15§30§30§30§30§30§25§§838 avis
184§Air KBZ§https://www.tripadvisor.fr/Airline_Review-d10533084-Reviews-Air-KBZ#REVIEWS§4,0§35§35§20§40§40§40§40§40§35§§350 avis
185§Yeti Airlines§https://www.tripadvisor.fr/Airline_Review-d8728887-Reviews-Yeti-Airlines#REVIEWS§3,5§35§35§20§40§40§35§35§35§30§§210 avis
186§Jetstar Pacific Airlines - Vietnam§https://www.tripadvisor.fr/Airline_Review-d8728907-Reviews-Jetstar-Pacific-Airlines-Vietnam#REVIEWS§2,5§25§30§15§25§25§30§35§30§20§§1 041 avis
187§Arkia Israel Airlines§https://www.tripadvisor.fr/Airline_Review-d8729023-Reviews-Arkia-Israel-Airlines#REVIEWS§3,0§30§30§20§25§30§30§35§35§25§§685 avis
188§Frontier Airlines§https://www.tripadvisor.fr/Airline_Review-d8729213-Reviews-Frontier-Airlines#REVIEWS§2,5§25§25§15§25§30§30§35§30§20§§14 371 avis
189§Georgian Airways§https://www.tripadvisor.fr/Airline_Review-d8729080-Reviews-Georgian-Airways#REVIEWS§3,0§35§35§20§30§35§35§40§35§30§§469 avis
190§Boliviana de Aviación§https://www.tripadvisor.fr/Airline_Review-d10661142-Reviews-Boliviana-De-Aviacion#REVIEWS§3,5§35§35§20§35§35§35§35§35§30§§400 avis
191§Sun Air Express§https://www.tripadvisor.fr/Airline_Review-d10661147-Reviews-Sun-Air-Express#REVIEWS§3,5§30§30§15§25§35§35§35§35§25§§207 avis
192§LATAM Brasil§https://www.tripadvisor.fr/Airline_Review-d8729163-Reviews-TAM-Airlines-Brazil#REVIEWS§4,0§35§35§35§35§40§40§40§40§35§§5 461 avis
193§Surinam Airways§https://www.tripadvisor.fr/Airline_Review-d8728899-Reviews-Surinam-Airways#REVIEWS§3,0§30§30§20§30§35§30§35§35§35§§159 avis
194§TUI Airlines Netherlands§https://www.tripadvisor.fr/Airline_Review-d8729195-Reviews-TUI-Airlines-Netherlands#REVIEWS§3,5§35§30§30§30§35§35§35§35§30§§1 941 avis
195§Caribbean Airlines§https://www.tripadvisor.fr/Airline_Review-d8728962-Reviews-Caribbean-Airlines#REVIEWS§3,5§35§35§30§35§40§35§40§40§35§§723 avis
196§S7 Airlines§https://www.tripadvisor.fr/Airline_Review-d8728939-Reviews-S7-Airlines#REVIEWS§4,0§35§40§20§35§40§40§40§40§35§"[""Lauréat Travellers' Choice 2018"", ""Lauréat Travellers' Choice 2017""]"§3 886 avis
197§LCPeru§https://www.tripadvisor.fr/Airline_Review-d10823584-Reviews-LCPeru#REVIEWS§2,5§25§25§15§20§25§25§30§30§25§§307 avis
198§Mahan Air§https://www.tripadvisor.fr/Airline_Review-d8729115-Reviews-Mahan-Air#REVIEWS§4,0§35§35§20§30§40§40§40§40§40§§526 avis
199§Pobeda§https://www.tripadvisor.fr/Airline_Review-d8728884-Reviews-Pobeda#REVIEWS§3,0§30§30§15§20§30§35§40§35§20§§3 021 avis
200§Mann Yadanarpon Airlines§https://www.tripadvisor.fr/Airline_Review-d12124794-Reviews-Mann-Yadanarpon-Airlines#REVIEWS§4,0§40§40§25§35§40§40§45§40§35§§86 avis
201§Shandong Airlines§https://www.tripadvisor.fr/Airline_Review-d8729147-Reviews-Shandong-Airlines#REVIEWS§3,5§30§30§20§30§35§35§35§35§25§§110 avis
202§Cathay Dragon (Dragonair)§https://www.tripadvisor.fr/Airline_Review-d8729063-Reviews-Cathay-Dragon-Dragonair#REVIEWS§4,0§35§35§35§35§40§35§40§40§35§§1 656 avis
203§Sriwijaya Air§https://www.tripadvisor.fr/Airline_Review-d10661149-Reviews-Sriwijaya-Air#REVIEWS§3,0§30§30§20§30§35§35§35§35§30§§705 avis
204§AirSWIFT§https://www.tripadvisor.fr/Airline_Review-d11831124-Reviews-AirSWIFT#REVIEWS§3,5§35§35§20§35§35§30§40§35§30§§265 avis
205§Seaborne Airlines§https://www.tripadvisor.fr/Airline_Review-d10533125-Reviews-Seaborne-Airlines#REVIEWS§2,0§25§25§15§20§25§25§30§25§15§§260 avis
206§LATAM Chile§https://www.tripadvisor.fr/Airline_Review-d8729108-Reviews-LAN-Airlines-Now-LATAM-Airlines#REVIEWS§4,0§35§35§40§40§40§40§40§40§35§§3 324 avis
207§FLYONE§https://www.tripadvisor.fr/Airline_Review-d10816880-Reviews-FLYONE#REVIEWS§1,5§25§25§15§20§25§25§30§20§30§§159 avis
208§Air Iceland Connect (**this is not Icelandair**)§https://www.tripadvisor.fr/Airline_Review-d10533124-Reviews-Air-Iceland-Connect-This-Is-Not-Icelandair#REVIEWS§4,0§40§40§35§40§40§40§45§45§35§§198 avis
209§RwandAir§https://www.tripadvisor.fr/Airline_Review-d8729140-Reviews-RwandAir#REVIEWS§3,5§35§35§30§35§40§40§45§40§35§"[""Lauréat Travellers' Choice 2018""]"§475 avis
210§Helvetic Airways§https://www.tripadvisor.fr/Airline_Review-d8729087-Reviews-Helvetic-Airways#REVIEWS§4,0§35§35§20§35§40§40§45§40§35§§254 avis
211§Belavia Belarusian Airlines§https://www.tripadvisor.fr/Airline_Review-d8729032-Reviews-Belavia-Belarusian-Airlines#REVIEWS§4,0§35§35§20§35§40§35§40§40§35§§1 040 avis
212§Ellinair§https://www.tripadvisor.fr/Airline_Review-d10816899-Reviews-Ellinair#REVIEWS§3,5§35§35§25§35§40§40§40§40§40§§872 avis
213§Silver Airways§https://www.tripadvisor.fr/Airline_Review-d8728925-Reviews-Silver-Airways#REVIEWS§2,0§25§25§15§20§25§25§30§25§20§§1 062 avis
214§Mango§https://www.tripadvisor.fr/Airline_Review-d8729204-Reviews-Mango#REVIEWS§3,5§35§35§25§30§35§40§40§40§30§"[""Lauréat Travellers' Choice 2017""]"§1 192 avis
215§Olympic Air [NOT the same as Olympus Airways]§https://www.tripadvisor.fr/Airline_Review-d8728889-Reviews-Olympic-Air-NOT-The-Same-As-Olympus-Airways#REVIEWS§3,5§35§35§25§35§40§35§40§40§35§§917 avis
216§ASKY Airlines§https://www.tripadvisor.fr/Airline_Review-d12280239-Reviews-ASKY-Airlines#REVIEWS§3,0§30§30§20§25§30§30§30§30§30§§68 avis
217§Shanghai Airlines§https://www.tripadvisor.fr/Airline_Review-d8729148-Reviews-Shanghai-Airlines#REVIEWS§3,0§30§30§20§25§30§35§35§35§30§§270 avis
218§Mokulele Airlines§https://www.tripadvisor.fr/Airline_Review-d10533090-Reviews-Mokulele-Airlines#REVIEWS§4,5§40§40§25§45§45§45§45§45§20§"[""Lauréat Travellers' Choice 2019""]"§170 avis
219§Wideroe§https://www.tripadvisor.fr/Airline_Review-d10533102-Reviews-Wideroe#REVIEWS§4,0§35§35§20§40§40§35§40§40§30§§371 avis
220§Nile Air§https://www.tripadvisor.fr/Airline_Review-d11831100-Reviews-Nile-Air#REVIEWS§3,0§30§30§15§30§30§35§35§35§30§§251 avis
221§TAME Vuela Ecuador§https://www.tripadvisor.fr/Airline_Review-d10533111-Reviews-TAME-Vuela-Ecuador#REVIEWS§2,5§30§30§20§25§30§25§30§30§25§§510 avis
222§Atlantic Airways§https://www.tripadvisor.fr/Airline_Review-d8729025-Reviews-Atlantic-Airways#REVIEWS§4,5§40§40§30§35§45§40§45§45§40§"[""Lauréat Travellers' Choice 2019""]"§209 avis
223§JetSmart§https://www.tripadvisor.fr/Airline_Review-d13635964-Reviews-JetSmart#REVIEWS§3,5§30§30§20§30§35§40§40§35§25§§569 avis
224§Air Vanuatu§https://www.tripadvisor.fr/Airline_Review-d8729190-Reviews-Air-Vanuatu#REVIEWS§4,0§35§35§25§35§40§40§40§40§35§§395 avis
225§SANSA§https://www.tripadvisor.fr/Airline_Review-d10533104-Reviews-SANSA#REVIEWS§3,0§30§30§20§35§30§35§40§35§20§§200 avis
226§Lanmei Airlines§https://www.tripadvisor.fr/Airline_Review-d13150563-Reviews-Lanmei-Airlines#REVIEWS§3,0§30§35§20§35§35§35§35§35§25§§119 avis
227§Pakistan International Airlines§https://www.tripadvisor.fr/Airline_Review-d8729129-Reviews-Pakistan-International-Airlines#REVIEWS§2,5§30§30§20§25§30§30§30§30§30§§398 avis
228§Regional Express Airlines§https://www.tripadvisor.fr/Airline_Review-d8729193-Reviews-Regional-Express-Airlines#REVIEWS§4,0§35§35§20§35§40§35§40§40§35§§413 avis
229§LIAT§https://www.tripadvisor.fr/Airline_Review-d8728900-Reviews-LIAT#REVIEWS§2,5§30§30§15§20§25§25§35§30§20§§418 avis
230§HK Express§https://www.tripadvisor.fr/Airline_Review-d8729214-Reviews-HK-Express#REVIEWS§3,0§30§30§15§20§30§35§35§35§25§§1 370 avis
231§FlySafair§https://www.tripadvisor.fr/Airline_Review-d10661141-Reviews-FlySafair#REVIEWS§4,0§35§35§20§40§40§45§40§45§35§"[""Lauréat Travellers' Choice 2019"", ""Lauréat Travellers' Choice 2018""]"§857 avis
232§Air Greenland§https://www.tripadvisor.fr/Airline_Review-d8728902-Reviews-Air-Greenland#REVIEWS§3,5§35§35§25§35§40§30§40§40§35§§143 avis
233§Bamboo Airways§https://www.tripadvisor.fr/Airline_Review-d17550096-Reviews-Bamboo-Airways#REVIEWS§4,0§40§40§30§35§40§40§45§45§40§§66 avis
234§Eastar Jet§https://www.tripadvisor.fr/Airline_Review-d12124805-Reviews-Eastar-Jet#REVIEWS§3,5§30§30§20§30§35§40§35§35§25§§137 avis
235§Nordwind Airlines§https://www.tripadvisor.fr/Airline_Review-d10823589-Reviews-Nordwind-Airlines#REVIEWS§3,0§35§30§15§20§35§30§35§35§25§§1 196 avis
236§Buddha Air§https://www.tripadvisor.fr/Airline_Review-d8729191-Reviews-Buddha-Air#REVIEWS§3,5§35§35§20§30§35§35§35§30§25§§181 avis
237§Lucky Air§https://www.tripadvisor.fr/Airline_Review-d8728960-Reviews-Lucky-Air#REVIEWS§3,0§30§30§20§25§30§35§35§35§20§§47 avis
238§Ernest§https://www.tripadvisor.fr/Airline_Review-d15052986-Reviews-Ernest#REVIEWS§2,0§25§25§20§25§25§25§30§30§25§§396 avis
239§Druk Air§https://www.tripadvisor.fr/Airline_Review-d8729064-Reviews-Druk-Air#REVIEWS§4,0§40§40§20§40§40§35§40§40§35§§312 avis
